哑铃,全身肌群
杠铃,全身肌群
健身機車,下半身
跑步機,全身有氧運動
健身球,核心
有氧步槍,下半身
仰卧板,胸部、肩膀、手臂、核心
交叉滑板,全身有氧運動
電動腹肌訓練器,腹部肌肉
雷格斯機,下半身
雷蒙德器,背部、手臂、腿部
爬梯機,下半身
手提重物,全身肌群
伸縮繩,全身肌群
背心機,背部、手臂
胸部按摩器,胸部、肩膀、手臂
健身環,核心、手臂
吊環,全身肌群
伸展帶,柔軟度、伸展
瑜伽墊,核心、平衡感、柔軟度
腿部延展機,大腿肌肉
腹部轉向器,腹部、腰部、核心
單車,下半身
單槓,背部、手臂、核心
槓鈴,全身肌群
仰臥起坐板,腹部肌肉
倒立機,脊椎伸展、腰部
壁上機,全身肌群
蹬車機,下半身
爬山機,全身肌群
