0,仰卧板
1,倒立機
2,仰臥起坐板
3,胸部按摩器
4,爬梯機
5,爬梯機
6,健身機車
7,伸展帶
8,仰卧板
9,伸縮繩
10,瑜伽墊
11,有氧步槍
12,哑铃
13,跑步機
14,胸部按摩器
15,交叉滑板
16,背心機
17,電動腹肌訓練器
18,杠铃
19,杠铃
20,腿部延展機
21,倒立機
22,單車
23,哑铃
24,伸縮繩
25,電動腹肌訓練器
26,壁上機
27,電動腹肌訓練器
28,伸展帶
29,健身球
30,有氧步槍
31,單槓
32,伸展帶
33,跑步機
34,電動腹肌訓練器
35,腿部延展機
36,有氧步槍
37,伸展帶
38,倒立機
39,健身機車
40,壁上機
41,吊環
42,健身環
43,伸展帶
44,倒立機
45,伸展帶
46,單槓
47,電動腹肌訓練器
48,槓鈴
49,槓鈴
50,伸縮繩
51,雷格斯機
52,健身環
53,杠铃
54,交叉滑板
55,仰臥起坐板
56,交叉滑板
57,仰臥起坐板
58,單槓
59,跑步機
60,背心機
61,手提重物
62,蹬車機
63,有氧步槍
64,腹部轉向器
65,電動腹肌訓練器
66,雷格斯機
67,雷蒙德器
68,健身機車
69,吊環
70,爬梯機
71,伸縮繩
72,倒立機
73,單槓
74,杠铃
75,健身環
76,健身環
77,手提重物
78,腿部延展機
79,胸部按摩器
80,單車
81,仰卧板
82,壁上機
83,跑步機
84,單車
85,哑铃
86,槓鈴
87,有氧步槍
88,仰卧板
89,伸縮繩
90,腹部轉向器
91,瑜伽墊
92,杠铃
93,單車
94,伸展帶
95,背心機
96,蹬車機
97,電動腹肌訓練器
98,健身機車
99,胸部按摩器
