0,8092,初學者全身訓練計畫引導新手建立全身肌群基礎，提升整體健康水準。,0,0
1,3930,減脂計畫有氧運動和飲食調整，助您實現減脂目標。,1,0
2,7777,增肌計畫以高強度重量訓練和正確營養攝取，促進肌肉生長。,1,1
3,1119,核心強化計畫強化腹部、背部和核心區域肌肉，減輕腰背不適。,1,0
4,991,有氧運動計畫以跑步、游泳等有氧運動為主，提升心肺功能和耐力。,0,1
5,3126,HIIT高強度間歇訓練計畫採用高強度短時間運動，提升代謝、燃燒脂肪。,1,0
6,5068,全面柔軟度提升計畫透過瑜伽、伸展運動，提升柔軟性，改善姿勢。,0,0
7,688,運動新手入門計畫適合運動初學者，包含基本有氧和輕量力量訓練。,1,1
8,958,忙碌人士短時間訓練計畫以高效率短時間內完成的訓練，達到燃燒卡路里的目標。,0,0
9,1640,健康老年人運動計畫融合輕柔有氧、平衡訓練，以及骨骼肌肉強化，維持身體健康。,0,0
